{"cameraMode":{"drawMode":0,"name":"Shaded","section":"Shading Mode"},"sceneLighting":true,"audioPlay":false,"sceneViewState":{"showFog":true,"showMaterialUpdate":false,"showSkybox":false,"showFlares":true,"showImageEffects":true,"showParticleSystems":true},"in2DMode":false,"pivot":{"x":-42.97000503540039,"y":98.01005554199219,"z":13.905349731445313},"rotation":{"x":-0.07943636178970337,"y":0.9139721393585205,"z":-0.21815992891788484,"w":-0.3327968418598175},"size":597.3549194335938,"orthographic":false}