{"cameraMode":{"drawMode":0,"name":"Shaded","section":"Shading Mode"},"sceneLighting":true,"audioPlay":false,"sceneViewState":{"showFog":true,"showMaterialUpdate":false,"showSkybox":false,"showFlares":true,"showImageEffects":true,"showParticleSystems":true},"in2DMode":false,"pivot":{"x":92.3263168334961,"y":111.19189453125,"z":-49.85792922973633},"rotation":{"x":0.047660406678915027,"y":0.6774412393569946,"z":-0.04385525360703468,"w":0.73276686668396},"size":19.42283821105957,"orthographic":false}