{"cameraMode":{"drawMode":0,"name":"Shaded","section":"Shading Mode"},"sceneLighting":true,"audioPlay":false,"sceneViewState":{"showFog":true,"showMaterialUpdate":false,"showSkybox":false,"showFlares":true,"showImageEffects":true,"showParticleSystems":true},"in2DMode":false,"pivot":{"x":-64.34245300292969,"y":98.01005554199219,"z":13.905349731445313},"rotation":{"x":0.1264287382364273,"y":0.8176558017730713,"z":-0.1964663416147232,"w":0.5261715650558472},"size":40.010372161865237,"orthographic":false}