{"cameraMode":{"drawMode":0,"name":"Shaded","section":"Shading Mode"},"sceneLighting":true,"audioPlay":false,"sceneViewState":{"showFog":true,"showMaterialUpdate":false,"showSkybox":true,"showFlares":true,"showImageEffects":true,"showParticleSystems":true},"in2DMode":false,"pivot":{"x":303.855224609375,"y":213.36094665527345,"z":-37.33563995361328},"rotation":{"x":0.06547269970178604,"y":0.4216614067554474,"z":-0.030543450266122819,"w":0.9038706421852112},"size":24.110387802124025,"orthographic":false}