{"cameraMode":{"drawMode":0,"name":"Shaded","section":"Shading Mode"},"sceneLighting":true,"audioPlay":false,"sceneViewState":{"showFog":false,"showMaterialUpdate":false,"showSkybox":false,"showFlares":false,"showImageEffects":false,"showParticleSystems":false},"in2DMode":false,"pivot":{"x":6.004795074462891,"y":4.864831924438477,"z":-1.1636085510253907},"rotation":{"x":-0.12893426418304444,"y":-0.016398850828409196,"z":0.002177456161007285,"w":-0.991552472114563},"size":47.32780838012695,"orthographic":false}