{"cameraMode":{"drawMode":0,"name":"Shaded","section":"Shading Mode"},"sceneLighting":true,"audioPlay":false,"sceneViewState":{"showFog":false,"showMaterialUpdate":false,"showSkybox":false,"showFlares":false,"showImageEffects":false,"showParticleSystems":false},"in2DMode":false,"pivot":{"x":-18.293983459472658,"y":109.43199920654297,"z":-2.7896766662597658},"rotation":{"x":-0.08430119603872299,"y":-0.3910362720489502,"z":0.03604128956794739,"w":-0.9158379435539246},"size":130.3821563720703,"orthographic":false}