{"cameraMode":{"drawMode":0,"name":"Shaded","section":"Shading Mode"},"sceneLighting":true,"audioPlay":false,"sceneViewState":{"showFog":true,"showMaterialUpdate":true,"showSkybox":false,"showFlares":true,"showImageEffects":true,"showParticleSystems":true},"in2DMode":false,"pivot":{"x":7.9956560134887699,"y":0.5722742080688477,"z":-1.3989295959472657},"rotation":{"x":-0.061490967869758609,"y":0.0956341102719307,"z":-0.005875022150576115,"w":-0.9935339093208313},"size":39.60689926147461,"orthographic":false}