{"cameraMode":{"drawMode":0,"name":"Shaded","section":"Shading Mode"},"sceneLighting":false,"audioPlay":false,"sceneViewState":{"showFog":false,"showMaterialUpdate":false,"showSkybox":false,"showFlares":false,"showImageEffects":false,"showParticleSystems":false},"in2DMode":false,"pivot":{"x":-0.315396785736084,"y":3.4153990745544435,"z":-20.306066513061525},"rotation":{"x":-0.07817531377077103,"y":-0.6863775253295898,"z":0.07466111332178116,"w":-0.7192177772521973},"size":7.818313121795654,"orthographic":false}