{"cameraMode":{"drawMode":0,"name":"Shaded","section":"Shading Mode"},"sceneLighting":false,"audioPlay":false,"sceneViewState":{"showFog":true,"showMaterialUpdate":true,"showSkybox":false,"showFlares":true,"showImageEffects":true,"showParticleSystems":true},"in2DMode":false,"pivot":{"x":-0.6634616851806641,"y":0.8414690494537354,"z":1.2477657794952393},"rotation":{"x":0.012336144223809243,"y":0.3541768193244934,"z":0.004665122367441654,"w":-0.9351106286048889},"size":3.195596218109131,"orthographic":false}